ID,Age,MS-Year,Sex
1,22,1,Male
2,23,1,Male
3,23,1,Male
4,23,1,Male
7,25,3,Male
8,22,1,Male
10,24,2,Male
11,22,1,Male
12,23,1,Male
13,22,1,Male
19,23,1,Female
21,22,1,Female
22,26,2,Female
24,25,3,Female
26,22,1,Female
